{"w": [-2.7026360698397456, 1.3525686085958821, 1.3949177117549922, -1.717120432503863, -0.6507669504868885, 1.9537017729451236, -0.15171334461908165, -0.3990866442867365, 0.5735440444026387, -0.19683093959312037], "tau": -0.3898186898274556, "features": ["n_person", "n_item", "areaP_mean", "areaI_mean", "areaP_sum", "areaI_sum", "min_center_dist", "mean_center_dist", "max_iou", "sum_iou"]}