{"w": [-1.4426722324188441, -0.759781022150237, 1.4300067004349604, 0.6517872779091229, -1.5460393690275438, -0.7467258964543744, -1.098758062381604, -0.5196843374449618, 0.13658955609261625, 0.41925601659060696], "tau": -0.7955111060576033, "features": ["n_person", "n_item", "areaP_mean", "areaI_mean", "areaP_sum", "areaI_sum", "min_center_dist", "mean_center_dist", "max_iou", "sum_iou"]}